model,fold,auc,accuracy,f1
dummy,1,0.5,0.7534246575342466,0.859375
dummy,2,0.5,0.7452054794520548,0.8540031397174255
dummy,3,0.5,0.7506849315068493,0.8575899843505478
dummy,4,0.5,0.7561643835616438,0.8611544461778471
dummy,5,0.5,0.7863013698630137,0.8803680981595092
logreg,1,0.8940606060606061,0.8767123287671232,0.9197860962566845
logreg,2,0.9131483238456674,0.8849315068493151,0.924187725631769
logreg,3,0.9060720301596213,0.863013698630137,0.9110320284697508
logreg,4,0.8769744341312489,0.8684931506849315,0.9148936170212766
logreg,5,0.8826498704547485,0.863013698630137,0.9152542372881356
dt_gini,1,0.7162626262626264,0.7808219178082192,0.8529411764705882
dt_gini,2,0.7204696394686907,0.7890410958904109,0.8587155963302753
dt_gini,3,0.7384094008181599,0.7835616438356164,0.851782363977486
dt_gini,4,0.7254722357922162,0.7863013698630137,0.8566176470588235
dt_gini,5,0.697869203966765,0.7671232876712328,0.8468468468468469
rf,1,0.8867272727272727,0.8657534246575342,0.9126559714795008
rf,2,0.8950822264389626,0.8684931506849315,0.9133574007220217
rf,3,0.8983115424721264,0.8794520547945206,0.920863309352518
rf,4,0.8657791890571569,0.8547945205479452,0.9061946902654867
rf,5,0.8622576610381488,0.8657534246575342,0.9165247018739353
hgb,1,0.8653737373737372,0.821917808219178,0.8841354723707665
hgb,2,0.8887175838077167,0.8547945205479452,0.9048473967684022
hgb,3,0.8844148552177749,0.8767123287671232,0.9192100538599641
hgb,4,0.8610568311349943,0.8575342465753425,0.9081272084805654
hgb,5,0.8779594389350487,0.8684931506849315,0.9172413793103448
